{"cameraMode":{"drawMode":0,"name":"Shaded","section":"Shading Mode"},"sceneLighting":true,"audioPlay":false,"sceneViewState":{"m_AlwaysRefresh":false,"showFog":true,"showSkybox":true,"showFlares":true,"showImageEffects":true,"showParticleSystems":true,"showVisualEffectGraphs":true,"m_FxEnabled":true},"in2DMode":false,"pivot":{"x":1.0315513610839844,"y":22.888391494750978,"z":3.2050399780273439},"rotation":{"x":-0.0001915141911013052,"y":0.9863860011100769,"z":0.0011748187243938447,"w":0.1645541787147522},"size":39.93532180786133,"orthographic":false}