{"cameraMode":{"drawMode":0,"name":"Shaded","section":"Shading Mode"},"sceneLighting":true,"audioPlay":false,"sceneViewState":{"m_AlwaysRefresh":false,"showFog":true,"showSkybox":true,"showFlares":true,"showImageEffects":true,"showParticleSystems":true,"showVisualEffectGraphs":true,"m_FxEnabled":true},"in2DMode":false,"pivot":{"x":0.3258236050605774,"y":-0.9324586391448975,"z":2.296834707260132},"rotation":{"x":-0.036965206265449527,"y":0.10771075636148453,"z":0.004012930206954479,"w":0.9935044646263123},"size":4.938513278961182,"orthographic":false}