{"cameraMode":{"drawMode":0,"name":"Shaded","section":"Shading Mode"},"sceneLighting":true,"audioPlay":false,"sceneViewState":{"m_AlwaysRefresh":false,"showFog":true,"showSkybox":true,"showFlares":true,"showImageEffects":true,"showParticleSystems":true,"showVisualEffectGraphs":true,"m_FxEnabled":true},"in2DMode":false,"pivot":{"x":-0.34038060903549197,"y":2.78481125831604,"z":1.935140609741211},"rotation":{"x":-0.02968645840883255,"y":-0.000006780598596378695,"z":0.000005017983767174883,"w":0.9995768666267395},"size":2.2967867851257326,"orthographic":false}